{"cameraMode":{"drawMode":0,"name":"Shaded","section":"Shading Mode"},"sceneLighting":true,"audioPlay":false,"sceneViewState":{"showFog":true,"showMaterialUpdate":false,"showSkybox":true,"showFlares":true,"showImageEffects":true,"showParticleSystems":true},"in2DMode":false,"pivot":{"x":8.264277458190918,"y":0.9929062724113464,"z":9.060474395751954},"rotation":{"x":-0.06140388175845146,"y":-0.24105587601661683,"z":0.015269999392330647,"w":-0.9685410857200623},"size":0.17744392156600953,"orthographic":false}