{"cameraMode":{"drawMode":0,"name":"Shaded","section":"Shading Mode"},"sceneLighting":false,"audioPlay":false,"sceneViewState":{"showFog":true,"showMaterialUpdate":false,"showSkybox":false,"showFlares":true,"showImageEffects":true,"showParticleSystems":true},"in2DMode":false,"pivot":{"x":5.679999828338623,"y":0.07500000298023224,"z":8.375},"rotation":{"x":-0.0985163077712059,"y":0.43557319045066836,"z":-0.048008691519498828,"w":-0.893477201461792},"size":1.1668428182601929,"orthographic":false}